vector_type,execution_time
0,0.003206
1,0.001963
2,0.003650
