vector_type,execution_time
0,0.000924
1,0.000006
2,0.001849
