vector_type,execution_time
0,0.000182
1,0.000121
2,0.000121
