vector_type,execution_time
0,0.000065
1,0.000054
2,0.000054
