vector_type,execution_time
0,0.000019
1,0.000020
2,0.000019
