vector_type,execution_time
0,0.000057
1,0.000055
2,0.000053
