vector_type,execution_time
0,0.002829
1,0.001492
2,0.003550
