vector_type,execution_time
0,0.000188
1,0.000170
2,0.000163
