vector_type,execution_time
0,0.001202
1,0.000006
2,0.002418
