vector_type,execution_time
0,0.000184
1,0.000114
2,0.000114
