vector_type,execution_time
0,0.000119
1,0.001255
2,0.001395
